ID_Experimento,Nome_Experimento,Modo,Lookback_Dias,Lookback_Label,Tamanho_Carteira_Pct,Fracao_Decimal,Frequencia,Custo_Bps,Retorno_Total_Pct,CAGR_Pct,Volatilidade_Anualizada_Pct,Indice_Sharpe,Indice_Sortino,Indice_Calmar,Alpha_Anualizado_Pct,Beta_Ibov,Max_Drawdown_Pct,Max_Duracao_DD_Dias,Win_Rate_Pct,Turnover_Medio_Ciclo_Pct,Custo_Total_Estimado_Pct,N_Ativos_Medio,Num_Rebalanceamentos,Alertas_Risco
EXP_001,Long-Only | 63d (3M) | 10% | Trimestral | 0 bps,Long-Only,63,63d (3M),10%,0.1,Trimestral,0.0,178.86843157435356,13.304911832379695,17.85054392386739,0.2304590176232143,0.2209952267913968,0.38819672463617855,4.040104360865915,0.677906806586536,-34.27363238278009,344,55.18444666001994,35.724670673222846,0.0,19.08823529411765,34,⚠️ Custo Zero (Sem Fricção)
EXP_002,Long-Only | 63d (3M) | 10% | Trimestral | 5 bps,Long-Only,63,63d (3M),10%,0.1,Trimestral,5.0,177.24945642155393,13.224588938767123,17.85084162983028,0.22595550432656505,0.21663622160059562,0.38585314772213836,3.9597814589459968,0.6779068829841244,-34.27363238278012,344,54.785643070787636,35.724670673222846,0.6073194014447886,19.08823529411765,34,✅ Robusto
EXP_003,Long-Only | 63d (3M) | 10% | Trimestral | 15 bps,Long-Only,63,63d (3M),10%,0.1,Trimestral,15.0,174.03873057163545,13.064067808053913,17.85167424315529,0.21695302858742868,0.20792731490584412,0.38116963099066314,3.7992603116180947,0.677907035779301,-34.27363238278005,344,54.48654037886341,35.724670673222846,1.8219582043343658,19.08823529411765,34,✅ Robusto
EXP_004,Long-Only | 63d (3M) | 10% | Trimestral | 25 bps,Long-Only,63,63d (3M),10%,0.1,Trimestral,25.0,170.86397642117376,12.903712793437405,17.85282308638669,0.2079570138474743,0.199230937589808,0.37649096101995133,3.6389052803868935,0.6779071885744775,-34.2736323827801,344,54.287138584247266,35.724670673222846,3.0365970072239428,19.08823529411765,34,✅ Robusto
EXP_005,Long-Only | 63d (3M) | 10% | Mensal | 0 bps,Long-Only,63,63d (3M),10%,0.1,Mensal,0.0,147.41104733406814,11.437439397649607,17.88468358588516,0.12827819730964957,0.12182845754967606,0.3091890934429416,2.2624979456006207,0.6840764461815378,-36.9917297867439,316,56.47921760391198,19.737125804781964,0.0,19.04901960784314,102,⚠️ Custo Zero (Sem Fricção)
EXP_006,Long-Only | 63d (3M) | 10% | Mensal | 5 bps,Long-Only,63,63d (3M),10%,0.1,Mensal,5.0,144.99877403718978,11.306990619846191,17.8835620957768,0.12099190197451684,0.1148757409956696,0.30555787677669716,2.132050651514682,0.6840444451914455,-37.0044154617208,318,56.234718826405874,19.737125804781964,1.0065934160438792,19.04901960784314,102,✅ Robusto
EXP_007,Long-Only | 63d (3M) | 10% | Mensal | 15 bps,Long-Only,63,63d (3M),10%,0.1,Mensal,15.0,140.24374512127315,11.046506102755838,17.881548623005845,0.10643830213387427,0.10104902390303724,0.2983140918828222,1.871569101859284,0.6839804432112608,-37.02978304858259,326,55.501222493887525,19.737125804781964,3.0197802481316374,19.04901960784314,102,✅ Robusto
EXP_008,Long-Only | 63d (3M) | 10% | Mensal | 25 bps,Long-Only,63,63d (3M),10%,0.1,Mensal,25.0,135.57994090707206,10.786571437508163,17.87984124467639,0.09191060408316992,0.08720751306183029,0.2910951031932214,1.6116374040465624,0.6839164412310763,-37.055145617988344,327,54.76772616136919,19.737125804781964,5.032967080219395,19.04901960784314,102,✅ Robusto
EXP_009,Long-Only | 63d (3M) | 20% | Trimestral | 0 bps,Long-Only,63,63d (3M),20%,0.2,Trimestral,0.0,178.86843157435356,13.304911832379695,17.85054392386739,0.2304590176232143,0.2209952267913968,0.38819672463617855,4.040104360865915,0.677906806586536,-34.27363238278009,344,55.18444666001994,35.724670673222846,0.0,19.08823529411765,34,⚠️ Custo Zero (Sem Fricção)
EXP_010,Long-Only | 63d (3M) | 20% | Trimestral | 5 bps,Long-Only,63,63d (3M),20%,0.2,Trimestral,5.0,177.24945642155393,13.224588938767123,17.85084162983028,0.22595550432656505,0.21663622160059562,0.38585314772213836,3.9597814589459968,0.6779068829841244,-34.27363238278012,344,54.785643070787636,35.724670673222846,0.6073194014447886,19.08823529411765,34,✅ Robusto
EXP_011,Long-Only | 63d (3M) | 20% | Trimestral | 15 bps,Long-Only,63,63d (3M),20%,0.2,Trimestral,15.0,174.03873057163545,13.064067808053913,17.85167424315529,0.21695302858742868,0.20792731490584412,0.38116963099066314,3.7992603116180947,0.677907035779301,-34.27363238278005,344,54.48654037886341,35.724670673222846,1.8219582043343658,19.08823529411765,34,✅ Robusto
EXP_012,Long-Only | 63d (3M) | 20% | Trimestral | 25 bps,Long-Only,63,63d (3M),20%,0.2,Trimestral,25.0,170.86397642117376,12.903712793437405,17.85282308638669,0.2079570138474743,0.199230937589808,0.37649096101995133,3.6389052803868935,0.6779071885744775,-34.2736323827801,344,54.287138584247266,35.724670673222846,3.0365970072239428,19.08823529411765,34,✅ Robusto
EXP_013,Long-Only | 63d (3M) | 20% | Mensal | 0 bps,Long-Only,63,63d (3M),20%,0.2,Mensal,0.0,147.41104733406814,11.437439397649607,17.88468358588516,0.12827819730964957,0.12182845754967606,0.3091890934429416,2.2624979456006207,0.6840764461815378,-36.9917297867439,316,56.47921760391198,19.737125804781964,0.0,19.04901960784314,102,⚠️ Custo Zero (Sem Fricção)
EXP_014,Long-Only | 63d (3M) | 20% | Mensal | 5 bps,Long-Only,63,63d (3M),20%,0.2,Mensal,5.0,144.99877403718978,11.306990619846191,17.8835620957768,0.12099190197451684,0.1148757409956696,0.30555787677669716,2.132050651514682,0.6840444451914455,-37.0044154617208,318,56.234718826405874,19.737125804781964,1.0065934160438792,19.04901960784314,102,✅ Robusto
EXP_015,Long-Only | 63d (3M) | 20% | Mensal | 15 bps,Long-Only,63,63d (3M),20%,0.2,Mensal,15.0,140.24374512127315,11.046506102755838,17.881548623005845,0.10643830213387427,0.10104902390303724,0.2983140918828222,1.871569101859284,0.6839804432112608,-37.02978304858259,326,55.501222493887525,19.737125804781964,3.0197802481316374,19.04901960784314,102,✅ Robusto
EXP_016,Long-Only | 63d (3M) | 20% | Mensal | 25 bps,Long-Only,63,63d (3M),20%,0.2,Mensal,25.0,135.57994090707206,10.786571437508163,17.87984124467639,0.09191060408316992,0.08720751306183029,0.2910951031932214,1.6116374040465624,0.6839164412310763,-37.055145617988344,327,54.76772616136919,19.737125804781964,5.032967080219395,19.04901960784314,102,✅ Robusto
EXP_017,Long-Only | 63d (3M) | 30% | Trimestral | 0 bps,Long-Only,63,63d (3M),30%,0.3,Trimestral,0.0,178.86843157435356,13.304911832379695,17.85054392386739,0.2304590176232143,0.2209952267913968,0.38819672463617855,4.040104360865915,0.677906806586536,-34.27363238278009,344,55.18444666001994,35.724670673222846,0.0,19.08823529411765,34,⚠️ Custo Zero (Sem Fricção)
EXP_018,Long-Only | 63d (3M) | 30% | Trimestral | 5 bps,Long-Only,63,63d (3M),30%,0.3,Trimestral,5.0,177.24945642155393,13.224588938767123,17.85084162983028,0.22595550432656505,0.21663622160059562,0.38585314772213836,3.9597814589459968,0.6779068829841244,-34.27363238278012,344,54.785643070787636,35.724670673222846,0.6073194014447886,19.08823529411765,34,✅ Robusto
EXP_019,Long-Only | 63d (3M) | 30% | Trimestral | 15 bps,Long-Only,63,63d (3M),30%,0.3,Trimestral,15.0,174.03873057163545,13.064067808053913,17.85167424315529,0.21695302858742868,0.20792731490584412,0.38116963099066314,3.7992603116180947,0.677907035779301,-34.27363238278005,344,54.48654037886341,35.724670673222846,1.8219582043343658,19.08823529411765,34,✅ Robusto
EXP_020,Long-Only | 63d (3M) | 30% | Trimestral | 25 bps,Long-Only,63,63d (3M),30%,0.3,Trimestral,25.0,170.86397642117376,12.903712793437405,17.85282308638669,0.2079570138474743,0.199230937589808,0.37649096101995133,3.6389052803868935,0.6779071885744775,-34.2736323827801,344,54.287138584247266,35.724670673222846,3.0365970072239428,19.08823529411765,34,✅ Robusto
EXP_021,Long-Only | 63d (3M) | 30% | Mensal | 0 bps,Long-Only,63,63d (3M),30%,0.3,Mensal,0.0,147.41104733406814,11.437439397649607,17.88468358588516,0.12827819730964957,0.12182845754967606,0.3091890934429416,2.2624979456006207,0.6840764461815378,-36.9917297867439,316,56.47921760391198,19.737125804781964,0.0,19.04901960784314,102,⚠️ Custo Zero (Sem Fricção)
EXP_022,Long-Only | 63d (3M) | 30% | Mensal | 5 bps,Long-Only,63,63d (3M),30%,0.3,Mensal,5.0,144.99877403718978,11.306990619846191,17.8835620957768,0.12099190197451684,0.1148757409956696,0.30555787677669716,2.132050651514682,0.6840444451914455,-37.0044154617208,318,56.234718826405874,19.737125804781964,1.0065934160438792,19.04901960784314,102,✅ Robusto
EXP_023,Long-Only | 63d (3M) | 30% | Mensal | 15 bps,Long-Only,63,63d (3M),30%,0.3,Mensal,15.0,140.24374512127315,11.046506102755838,17.881548623005845,0.10643830213387427,0.10104902390303724,0.2983140918828222,1.871569101859284,0.6839804432112608,-37.02978304858259,326,55.501222493887525,19.737125804781964,3.0197802481316374,19.04901960784314,102,✅ Robusto
EXP_024,Long-Only | 63d (3M) | 30% | Mensal | 25 bps,Long-Only,63,63d (3M),30%,0.3,Mensal,25.0,135.57994090707206,10.786571437508163,17.87984124467639,0.09191060408316992,0.08720751306183029,0.2910951031932214,1.6116374040465624,0.6839164412310763,-37.055145617988344,327,54.76772616136919,19.737125804781964,5.032967080219395,19.04901960784314,102,✅ Robusto
EXP_025,Long-Short (BAB) | 63d (3M) | 10% | Trimestral | 0 bps,Long-Short (BAB),63,63d (3M),10%,0.1,Trimestral,0.0,110.69529965747363,9.501609679712963,26.291141184987378,0.01181069554504896,0.011867359674465651,0.15973553512776398,0.37693122031599546,-0.6107740904625629,-59.48338090277239,1202,49.00299102691924,71.29885700410193,0.0,19.08823529411765,34,⚠️ Custo Zero (Sem Fricção)
EXP_026,Long-Short (BAB) | 63d (3M) | 10% | Trimestral | 5 bps,Long-Short (BAB),63,63d (3M),10%,0.1,Trimestral,5.0,110.6915606057659,9.501372994807555,26.290783034268134,0.011801853857222438,0.011858531692713274,0.15978927286773703,0.3766929813488559,-0.6107597987064449,-59.46189518411641,1202,49.05284147557328,71.29885700410193,1.2120805690697332,19.08823529411765,34,✅ Robusto
EXP_027,Long-Short (BAB) | 63d (3M) | 10% | Trimestral | 15 bps,Long-Short (BAB),63,63d (3M),10%,0.1,Trimestral,15.0,110.6840112176508,9.500895101376416,26.29008237612004,0.01178399068131631,0.011840693452443445,0.15989686354517804,0.3762119797942539,-0.6107312151942085,-59.41889597285307,1202,49.10269192422732,71.29885700410193,3.6362417072091997,19.08823529411765,34,✅ Robusto
EXP_028,Long-Short (BAB) | 63d (3M) | 10% | Trimestral | 25 bps,Long-Short (BAB),63,63d (3M),10%,0.1,Trimestral,25.0,110.67636679834064,9.500411176930633,26.289402577077013,0.011765887808921242,0.011822612214301264,0.16000460832858532,0.3757249472250073,-0.6107026316819718,-59.375859709119105,1202,49.05284147557328,71.29885700410193,6.060402845348662,19.08823529411765,34,✅ Robusto
EXP_029,Long-Short (BAB) | 63d (3M) | 10% | Mensal | 0 bps,Long-Short (BAB),63,63d (3M),10%,0.1,Mensal,0.0,58.2177862302433,5.637932788420774,26.152154888964947,-0.1340345242776565,-0.13241968715486563,0.08211662260522656,-3.4778032553529488,-0.5928726448860309,-68.65763117809878,1575,46.748166259168705,38.620312722479895,0.0,19.04901960784314,102,⚠️ Custo Zero (Sem Fricção)
EXP_030,Long-Short (BAB) | 63d (3M) | 10% | Mensal | 5 bps,Long-Short (BAB),63,63d (3M),10%,0.1,Mensal,5.0,58.14830800262434,5.6323861835668065,26.152330901688526,-0.1342457105422024,-0.13262821764048563,0.08205766540702912,-3.483349316066108,-0.5928843809778944,-68.63936666524188,1575,46.79706601466992,38.620312722479895,1.9696359488464759,19.04901960784314,102,✅ Robusto
EXP_031,Long-Short (BAB) | 63d (3M) | 10% | Mensal | 15 bps,Long-Short (BAB),63,63d (3M),10%,0.1,Mensal,15.0,58.00931612875988,5.6212837041979435,26.152719806166232,-0.13466823908580403,-0.13304543799638593,0.08193954366527754,-3.494450707153355,-0.5929078531616219,-68.60281925856027,1575,46.79706601466992,38.620312722479895,5.908907846539425,19.04901960784314,102,✅ Robusto
EXP_032,Long-Short (BAB) | 63d (3M) | 10% | Mensal | 25 bps,Long-Short (BAB),63,63d (3M),10%,0.1,Mensal,25.0,57.87027730676326,5.610168868259313,26.15315788082774,-0.13509097355044322,-0.13352738923829027,0.08182114502162255,-3.505564454810369,-0.5929313253453493,-68.56624735301293,1575,46.79706601466992,38.620312722479895,9.848179744232375,19.04901960784314,102,✅ Robusto
EXP_033,Long-Short (BAB) | 63d (3M) | 20% | Trimestral | 0 bps,Long-Short (BAB),63,63d (3M),20%,0.2,Trimestral,0.0,110.69529965747363,9.501609679712963,26.291141184987378,0.01181069554504896,0.011867359674465651,0.15973553512776398,0.37693122031599546,-0.6107740904625629,-59.48338090277239,1202,49.00299102691924,71.29885700410193,0.0,19.08823529411765,34,⚠️ Custo Zero (Sem Fricção)
EXP_034,Long-Short (BAB) | 63d (3M) | 20% | Trimestral | 5 bps,Long-Short (BAB),63,63d (3M),20%,0.2,Trimestral,5.0,110.6915606057659,9.501372994807555,26.290783034268134,0.011801853857222438,0.011858531692713274,0.15978927286773703,0.3766929813488559,-0.6107597987064449,-59.46189518411641,1202,49.05284147557328,71.29885700410193,1.2120805690697332,19.08823529411765,34,✅ Robusto
EXP_035,Long-Short (BAB) | 63d (3M) | 20% | Trimestral | 15 bps,Long-Short (BAB),63,63d (3M),20%,0.2,Trimestral,15.0,110.6840112176508,9.500895101376416,26.29008237612004,0.01178399068131631,0.011840693452443445,0.15989686354517804,0.3762119797942539,-0.6107312151942085,-59.41889597285307,1202,49.10269192422732,71.29885700410193,3.6362417072091997,19.08823529411765,34,✅ Robusto
EXP_036,Long-Short (BAB) | 63d (3M) | 20% | Trimestral | 25 bps,Long-Short (BAB),63,63d (3M),20%,0.2,Trimestral,25.0,110.67636679834064,9.500411176930633,26.289402577077013,0.011765887808921242,0.011822612214301264,0.16000460832858532,0.3757249472250073,-0.6107026316819718,-59.375859709119105,1202,49.05284147557328,71.29885700410193,6.060402845348662,19.08823529411765,34,✅ Robusto
EXP_037,Long-Short (BAB) | 63d (3M) | 20% | Mensal | 0 bps,Long-Short (BAB),63,63d (3M),20%,0.2,Mensal,0.0,58.2177862302433,5.637932788420774,26.152154888964947,-0.1340345242776565,-0.13241968715486563,0.08211662260522656,-3.4778032553529488,-0.5928726448860309,-68.65763117809878,1575,46.748166259168705,38.620312722479895,0.0,19.04901960784314,102,⚠️ Custo Zero (Sem Fricção)
EXP_038,Long-Short (BAB) | 63d (3M) | 20% | Mensal | 5 bps,Long-Short (BAB),63,63d (3M),20%,0.2,Mensal,5.0,58.14830800262434,5.6323861835668065,26.152330901688526,-0.1342457105422024,-0.13262821764048563,0.08205766540702912,-3.483349316066108,-0.5928843809778944,-68.63936666524188,1575,46.79706601466992,38.620312722479895,1.9696359488464759,19.04901960784314,102,✅ Robusto
EXP_039,Long-Short (BAB) | 63d (3M) | 20% | Mensal | 15 bps,Long-Short (BAB),63,63d (3M),20%,0.2,Mensal,15.0,58.00931612875988,5.6212837041979435,26.152719806166232,-0.13466823908580403,-0.13304543799638593,0.08193954366527754,-3.494450707153355,-0.5929078531616219,-68.60281925856027,1575,46.79706601466992,38.620312722479895,5.908907846539425,19.04901960784314,102,✅ Robusto
EXP_040,Long-Short (BAB) | 63d (3M) | 20% | Mensal | 25 bps,Long-Short (BAB),63,63d (3M),20%,0.2,Mensal,25.0,57.87027730676326,5.610168868259313,26.15315788082774,-0.13509097355044322,-0.13352738923829027,0.08182114502162255,-3.505564454810369,-0.5929313253453493,-68.56624735301293,1575,46.79706601466992,38.620312722479895,9.848179744232375,19.04901960784314,102,✅ Robusto
EXP_041,Long-Short (BAB) | 63d (3M) | 30% | Trimestral | 0 bps,Long-Short (BAB),63,63d (3M),30%,0.3,Trimestral,0.0,110.69529965747363,9.501609679712963,26.291141184987378,0.01181069554504896,0.011867359674465651,0.15973553512776398,0.37693122031599546,-0.6107740904625629,-59.48338090277239,1202,49.00299102691924,71.29885700410193,0.0,19.08823529411765,34,⚠️ Custo Zero (Sem Fricção)
EXP_042,Long-Short (BAB) | 63d (3M) | 30% | Trimestral | 5 bps,Long-Short (BAB),63,63d (3M),30%,0.3,Trimestral,5.0,110.6915606057659,9.501372994807555,26.290783034268134,0.011801853857222438,0.011858531692713274,0.15978927286773703,0.3766929813488559,-0.6107597987064449,-59.46189518411641,1202,49.05284147557328,71.29885700410193,1.2120805690697332,19.08823529411765,34,✅ Robusto
EXP_043,Long-Short (BAB) | 63d (3M) | 30% | Trimestral | 15 bps,Long-Short (BAB),63,63d (3M),30%,0.3,Trimestral,15.0,110.6840112176508,9.500895101376416,26.29008237612004,0.01178399068131631,0.011840693452443445,0.15989686354517804,0.3762119797942539,-0.6107312151942085,-59.41889597285307,1202,49.10269192422732,71.29885700410193,3.6362417072091997,19.08823529411765,34,✅ Robusto
EXP_044,Long-Short (BAB) | 63d (3M) | 30% | Trimestral | 25 bps,Long-Short (BAB),63,63d (3M),30%,0.3,Trimestral,25.0,110.67636679834064,9.500411176930633,26.289402577077013,0.011765887808921242,0.011822612214301264,0.16000460832858532,0.3757249472250073,-0.6107026316819718,-59.375859709119105,1202,49.05284147557328,71.29885700410193,6.060402845348662,19.08823529411765,34,✅ Robusto
EXP_045,Long-Short (BAB) | 63d (3M) | 30% | Mensal | 0 bps,Long-Short (BAB),63,63d (3M),30%,0.3,Mensal,0.0,58.2177862302433,5.637932788420774,26.152154888964947,-0.1340345242776565,-0.13241968715486563,0.08211662260522656,-3.4778032553529488,-0.5928726448860309,-68.65763117809878,1575,46.748166259168705,38.620312722479895,0.0,19.04901960784314,102,⚠️ Custo Zero (Sem Fricção)
EXP_046,Long-Short (BAB) | 63d (3M) | 30% | Mensal | 5 bps,Long-Short (BAB),63,63d (3M),30%,0.3,Mensal,5.0,58.14830800262434,5.6323861835668065,26.152330901688526,-0.1342457105422024,-0.13262821764048563,0.08205766540702912,-3.483349316066108,-0.5928843809778944,-68.63936666524188,1575,46.79706601466992,38.620312722479895,1.9696359488464759,19.04901960784314,102,✅ Robusto
EXP_047,Long-Short (BAB) | 63d (3M) | 30% | Mensal | 15 bps,Long-Short (BAB),63,63d (3M),30%,0.3,Mensal,15.0,58.00931612875988,5.6212837041979435,26.152719806166232,-0.13466823908580403,-0.13304543799638593,0.08193954366527754,-3.494450707153355,-0.5929078531616219,-68.60281925856027,1575,46.79706601466992,38.620312722479895,5.908907846539425,19.04901960784314,102,✅ Robusto
EXP_048,Long-Short (BAB) | 63d (3M) | 30% | Mensal | 25 bps,Long-Short (BAB),63,63d (3M),30%,0.3,Mensal,25.0,57.87027730676326,5.610168868259313,26.15315788082774,-0.13509097355044322,-0.13352738923829027,0.08182114502162255,-3.505564454810369,-0.5929313253453493,-68.56624735301293,1575,46.79706601466992,38.620312722479895,9.848179744232375,19.04901960784314,102,✅ Robusto
EXP_049,Long-Only | 126d (6M) | 10% | Trimestral | 0 bps,Long-Only,126,126d (6M),10%,0.1,Trimestral,0.0,155.38455216136043,12.097384245260766,17.45799209131636,0.16647339593315436,0.15816116065924823,0.3381287569069244,2.8341937316534156,0.6630366327811874,-35.77744867346723,333,54.33698903290129,23.159340103430434,0.0,19.0,34,⚠️ Custo Zero (Sem Fricção)
EXP_050,Long-Only | 126d (6M) | 10% | Trimestral | 5 bps,Long-Only,126,126d (6M),10%,0.1,Trimestral,5.0,154.44357738736718,12.046996772175689,17.458584921481236,0.163581628715886,0.15539459058684146,0.33672039843103224,2.783805407935036,0.6630444555358812,-35.77744867346722,333,54.0877367896311,23.159340103430434,0.39370878175831736,19.0,34,✅ Robusto
EXP_051,Long-Only | 126d (6M) | 10% | Trimestral | 15 bps,Long-Only,126,126d (6M),10%,0.1,Trimestral,15.0,152.57165764742032,11.946270404439542,17.45988068740326,0.15780047058294813,0.14986558428887173,0.33390503927405424,2.6830773389322844,0.6630601010452687,-35.77744867346725,333,53.6889332003988,23.159340103430434,1.1811263452749523,19.0,34,✅ Robusto
EXP_052,Long-Only | 126d (6M) | 10% | Trimestral | 25 bps,Long-Only,126,126d (6M),10%,0.1,Trimestral,25.0,150.71303462798818,11.845608786009155,17.461323233160286,0.1520226007455645,0.1443422231238572,0.33109148989692877,2.582414019235293,0.6630757465546562,-35.777448673467205,333,53.33998005982053,23.159340103430434,1.968543908791587,19.0,34,✅ Robusto
EXP_053,Long-Only | 126d (6M) | 10% | Mensal | 0 bps,Long-Only,126,126d (6M),10%,0.1,Mensal,0.0,174.9191844796833,12.850785971855228,17.30102497868753,0.2142972193048476,0.2053955017140112,0.37751842737911506,3.677195890941206,0.6549299172957861,-34.04015549935021,331,55.501222493887525,11.482087238324715,0.0,18.95098039215686,102,⚠️ Custo Zero (Sem Fricção)
EXP_054,Long-Only | 126d (6M) | 10% | Mensal | 5 bps,Long-Only,126,126d (6M),10%,0.1,Mensal,5.0,173.3842076027443,12.775276536633239,17.300587098070693,0.209938084080366,0.20128354850789804,0.3751744664946848,3.6016870848549654,0.6549163480232466,-34.051561813347,331,55.256723716381416,11.482087238324715,0.58558644915456,18.95098039215686,102,✅ Robusto
EXP_055,Long-Only | 126d (6M) | 10% | Mensal | 15 bps,Long-Only,126,126d (6M),10%,0.1,Mensal,15.0,170.33958759670753,12.624392796702777,17.29980524584013,0.20122587043233164,0.19296331638885658,0.3704952466539398,3.450804603195997,0.6548892094781671,-34.074371832615064,331,55.012224938875306,11.482087238324715,1.7567593474636796,18.95098039215686,102,✅ Robusto
EXP_056,Long-Only | 126d (6M) | 10% | Mensal | 25 bps,Long-Only,126,126d (6M),10%,0.1,Mensal,25.0,167.32844035508623,12.473689072621298,17.299148619478196,0.19252188174581839,0.18464833281366247,0.3658276041481938,3.3001021373860135,0.6548620709330876,-34.09717837358251,331,54.52322738386308,11.482087238324715,2.927932245772799,18.95098039215686,102,✅ Robusto
EXP_057,Long-Only | 126d (6M) | 20% | Trimestral | 0 bps,Long-Only,126,126d (6M),20%,0.2,Trimestral,0.0,155.38455216136043,12.097384245260766,17.45799209131636,0.16647339593315436,0.15816116065924823,0.3381287569069244,2.8341937316534156,0.6630366327811874,-35.77744867346723,333,54.33698903290129,23.159340103430434,0.0,19.0,34,⚠️ Custo Zero (Sem Fricção)
EXP_058,Long-Only | 126d (6M) | 20% | Trimestral | 5 bps,Long-Only,126,126d (6M),20%,0.2,Trimestral,5.0,154.44357738736718,12.046996772175689,17.458584921481236,0.163581628715886,0.15539459058684146,0.33672039843103224,2.783805407935036,0.6630444555358812,-35.77744867346722,333,54.0877367896311,23.159340103430434,0.39370878175831736,19.0,34,✅ Robusto
EXP_059,Long-Only | 126d (6M) | 20% | Trimestral | 15 bps,Long-Only,126,126d (6M),20%,0.2,Trimestral,15.0,152.57165764742032,11.946270404439542,17.45988068740326,0.15780047058294813,0.14986558428887173,0.33390503927405424,2.6830773389322844,0.6630601010452687,-35.77744867346725,333,53.6889332003988,23.159340103430434,1.1811263452749523,19.0,34,✅ Robusto
EXP_060,Long-Only | 126d (6M) | 20% | Trimestral | 25 bps,Long-Only,126,126d (6M),20%,0.2,Trimestral,25.0,150.71303462798818,11.845608786009155,17.461323233160286,0.1520226007455645,0.1443422231238572,0.33109148989692877,2.582414019235293,0.6630757465546562,-35.777448673467205,333,53.33998005982053,23.159340103430434,1.968543908791587,19.0,34,✅ Robusto
EXP_061,Long-Only | 126d (6M) | 20% | Mensal | 0 bps,Long-Only,126,126d (6M),20%,0.2,Mensal,0.0,174.9191844796833,12.850785971855228,17.30102497868753,0.2142972193048476,0.2053955017140112,0.37751842737911506,3.677195890941206,0.6549299172957861,-34.04015549935021,331,55.501222493887525,11.482087238324715,0.0,18.95098039215686,102,⚠️ Custo Zero (Sem Fricção)
EXP_062,Long-Only | 126d (6M) | 20% | Mensal | 5 bps,Long-Only,126,126d (6M),20%,0.2,Mensal,5.0,173.3842076027443,12.775276536633239,17.300587098070693,0.209938084080366,0.20128354850789804,0.3751744664946848,3.6016870848549654,0.6549163480232466,-34.051561813347,331,55.256723716381416,11.482087238324715,0.58558644915456,18.95098039215686,102,✅ Robusto
EXP_063,Long-Only | 126d (6M) | 20% | Mensal | 15 bps,Long-Only,126,126d (6M),20%,0.2,Mensal,15.0,170.33958759670753,12.624392796702777,17.29980524584013,0.20122587043233164,0.19296331638885658,0.3704952466539398,3.450804603195997,0.6548892094781671,-34.074371832615064,331,55.012224938875306,11.482087238324715,1.7567593474636796,18.95098039215686,102,✅ Robusto
EXP_064,Long-Only | 126d (6M) | 20% | Mensal | 25 bps,Long-Only,126,126d (6M),20%,0.2,Mensal,25.0,167.32844035508623,12.473689072621298,17.299148619478196,0.19252188174581839,0.18464833281366247,0.3658276041481938,3.3001021373860135,0.6548620709330876,-34.09717837358251,331,54.52322738386308,11.482087238324715,2.927932245772799,18.95098039215686,102,✅ Robusto
EXP_065,Long-Only | 126d (6M) | 30% | Trimestral | 0 bps,Long-Only,126,126d (6M),30%,0.3,Trimestral,0.0,155.38455216136043,12.097384245260766,17.45799209131636,0.16647339593315436,0.15816116065924823,0.3381287569069244,2.8341937316534156,0.6630366327811874,-35.77744867346723,333,54.33698903290129,23.159340103430434,0.0,19.0,34,⚠️ Custo Zero (Sem Fricção)
EXP_066,Long-Only | 126d (6M) | 30% | Trimestral | 5 bps,Long-Only,126,126d (6M),30%,0.3,Trimestral,5.0,154.44357738736718,12.046996772175689,17.458584921481236,0.163581628715886,0.15539459058684146,0.33672039843103224,2.783805407935036,0.6630444555358812,-35.77744867346722,333,54.0877367896311,23.159340103430434,0.39370878175831736,19.0,34,✅ Robusto
EXP_067,Long-Only | 126d (6M) | 30% | Trimestral | 15 bps,Long-Only,126,126d (6M),30%,0.3,Trimestral,15.0,152.57165764742032,11.946270404439542,17.45988068740326,0.15780047058294813,0.14986558428887173,0.33390503927405424,2.6830773389322844,0.6630601010452687,-35.77744867346725,333,53.6889332003988,23.159340103430434,1.1811263452749523,19.0,34,✅ Robusto
EXP_068,Long-Only | 126d (6M) | 30% | Trimestral | 25 bps,Long-Only,126,126d (6M),30%,0.3,Trimestral,25.0,150.71303462798818,11.845608786009155,17.461323233160286,0.1520226007455645,0.1443422231238572,0.33109148989692877,2.582414019235293,0.6630757465546562,-35.777448673467205,333,53.33998005982053,23.159340103430434,1.968543908791587,19.0,34,✅ Robusto
EXP_069,Long-Only | 126d (6M) | 30% | Mensal | 0 bps,Long-Only,126,126d (6M),30%,0.3,Mensal,0.0,174.9191844796833,12.850785971855228,17.30102497868753,0.2142972193048476,0.2053955017140112,0.37751842737911506,3.677195890941206,0.6549299172957861,-34.04015549935021,331,55.501222493887525,11.482087238324715,0.0,18.95098039215686,102,⚠️ Custo Zero (Sem Fricção)
EXP_070,Long-Only | 126d (6M) | 30% | Mensal | 5 bps,Long-Only,126,126d (6M),30%,0.3,Mensal,5.0,173.3842076027443,12.775276536633239,17.300587098070693,0.209938084080366,0.20128354850789804,0.3751744664946848,3.6016870848549654,0.6549163480232466,-34.051561813347,331,55.256723716381416,11.482087238324715,0.58558644915456,18.95098039215686,102,✅ Robusto
EXP_071,Long-Only | 126d (6M) | 30% | Mensal | 15 bps,Long-Only,126,126d (6M),30%,0.3,Mensal,15.0,170.33958759670753,12.624392796702777,17.29980524584013,0.20122587043233164,0.19296331638885658,0.3704952466539398,3.450804603195997,0.6548892094781671,-34.074371832615064,331,55.012224938875306,11.482087238324715,1.7567593474636796,18.95098039215686,102,✅ Robusto
EXP_072,Long-Only | 126d (6M) | 30% | Mensal | 25 bps,Long-Only,126,126d (6M),30%,0.3,Mensal,25.0,167.32844035508623,12.473689072621298,17.299148619478196,0.19252188174581839,0.18464833281366247,0.3658276041481938,3.3001021373860135,0.6548620709330876,-34.09717837358251,331,54.52322738386308,11.482087238324715,2.927932245772799,18.95098039215686,102,✅ Robusto
EXP_073,Long-Short (BAB) | 126d (6M) | 10% | Trimestral | 0 bps,Long-Short (BAB),126,126d (6M),10%,0.1,Trimestral,0.0,148.43403035726195,11.721281307411413,26.875457925736185,0.09414493694424837,0.09469020149117635,0.19523761591867386,2.6036419693520467,-0.6755085880712118,-60.035978478112064,729,48.00598205383849,45.026354453029924,0.0,19.0,34,⚠️ Custo Zero (Sem Fricção)
EXP_074,Long-Short (BAB) | 126d (6M) | 10% | Trimestral | 5 bps,Long-Short (BAB),126,126d (6M),10%,0.1,Trimestral,5.0,148.37985621481172,11.71831375425918,26.875390068230224,0.09403475567044747,0.09457905862871795,0.19521275866778728,2.600673903804563,-0.6755038758851989,-60.028421473216234,729,48.00598205383849,45.026354453029924,0.7654480257015086,19.0,34,✅ Robusto
EXP_075,Long-Short (BAB) | 126d (6M) | 10% | Trimestral | 15 bps,Long-Short (BAB),126,126d (6M),10%,0.1,Trimestral,15.0,148.27145210378987,11.712373882790716,26.87527098015943,0.09381415610681146,0.09435653164018777,0.1951629490210746,2.594733007545599,-0.6754944515131726,-60.013306529437415,729,48.00598205383849,45.026354453029924,2.2963440771045263,19.0,34,✅ Robusto
EXP_076,Long-Short (BAB) | 126d (6M) | 10% | Trimestral | 25 bps,Long-Short (BAB),126,126d (6M),10%,0.1,Trimestral,25.0,148.16297366711328,11.706427658289464,26.87517406158337,0.09359324099187213,0.09413368348838552,0.19511301243723705,2.5887857582538447,-0.6754850271411464,-59.998190341380365,729,48.05583250249252,45.026354453029924,3.827240128507544,19.0,34,✅ Robusto
EXP_077,Long-Short (BAB) | 126d (6M) | 10% | Mensal | 0 bps,Long-Short (BAB),126,126d (6M),10%,0.1,Mensal,0.0,95.0350740554732,8.313204964000587,26.926576633904066,-0.030825287413368777,-0.030960391909194956,0.13286940075014803,-0.798968113379563,-0.6697191160162421,-62.566737842319384,1010,47.62836185819071,23.122514618030014,0.0,18.95098039215686,102,⚠️ Custo Zero (Sem Fricção)
EXP_078,Long-Short (BAB) | 126d (6M) | 10% | Mensal | 5 bps,Long-Short (BAB),126,126d (6M),10%,0.1,Mensal,5.0,95.04929712648402,8.31414919457214,26.926931032939134,-0.030789815304701807,-0.030925049476311677,0.13290108873096182,-0.7980238943809982,-0.6697188664086814,-62.5589246405865,1010,47.62836185819071,23.122514618030014,1.1792482455195317,18.95098039215686,102,✅ Robusto
EXP_079,Long-Short (BAB) | 126d (6M) | 10% | Mensal | 15 bps,Long-Short (BAB),126,126d (6M),10%,0.1,Mensal,15.0,95.07764446814595,8.316030915828643,26.927663380856888,-0.03071909731901194,-0.030854598585358016,0.13296438274312078,-0.7961421962704733,-0.6697183671935596,-62.543297267018616,1010,47.62836185819071,23.122514618030014,3.5377447365585915,18.95098039215686,102,✅ Robusto
EXP_080,Long-Short (BAB) | 126d (6M) | 10% | Mensal | 25 bps,Long-Short (BAB),126,126d (6M),10%,0.1,Mensal,25.0,95.10586003172172,8.317903650481572,26.928427126425188,-0.030648681166651242,-0.030784460354976013,0.13302756741877358,-0.7942694847635222,-0.6697178679784376,-62.52766860192697,1010,47.67726161369193,23.122514618030014,5.896241227597657,18.95098039215686,102,✅ Robusto
EXP_081,Long-Short (BAB) | 126d (6M) | 20% | Trimestral | 0 bps,Long-Short (BAB),126,126d (6M),20%,0.2,Trimestral,0.0,148.43403035726195,11.721281307411413,26.875457925736185,0.09414493694424837,0.09469020149117635,0.19523761591867386,2.6036419693520467,-0.6755085880712118,-60.035978478112064,729,48.00598205383849,45.026354453029924,0.0,19.0,34,⚠️ Custo Zero (Sem Fricção)
EXP_082,Long-Short (BAB) | 126d (6M) | 20% | Trimestral | 5 bps,Long-Short (BAB),126,126d (6M),20%,0.2,Trimestral,5.0,148.37985621481172,11.71831375425918,26.875390068230224,0.09403475567044747,0.09457905862871795,0.19521275866778728,2.600673903804563,-0.6755038758851989,-60.028421473216234,729,48.00598205383849,45.026354453029924,0.7654480257015086,19.0,34,✅ Robusto
EXP_083,Long-Short (BAB) | 126d (6M) | 20% | Trimestral | 15 bps,Long-Short (BAB),126,126d (6M),20%,0.2,Trimestral,15.0,148.27145210378987,11.712373882790716,26.87527098015943,0.09381415610681146,0.09435653164018777,0.1951629490210746,2.594733007545599,-0.6754944515131726,-60.013306529437415,729,48.00598205383849,45.026354453029924,2.2963440771045263,19.0,34,✅ Robusto
EXP_084,Long-Short (BAB) | 126d (6M) | 20% | Trimestral | 25 bps,Long-Short (BAB),126,126d (6M),20%,0.2,Trimestral,25.0,148.16297366711328,11.706427658289464,26.87517406158337,0.09359324099187213,0.09413368348838552,0.19511301243723705,2.5887857582538447,-0.6754850271411464,-59.998190341380365,729,48.05583250249252,45.026354453029924,3.827240128507544,19.0,34,✅ Robusto
EXP_085,Long-Short (BAB) | 126d (6M) | 20% | Mensal | 0 bps,Long-Short (BAB),126,126d (6M),20%,0.2,Mensal,0.0,95.0350740554732,8.313204964000587,26.926576633904066,-0.030825287413368777,-0.030960391909194956,0.13286940075014803,-0.798968113379563,-0.6697191160162421,-62.566737842319384,1010,47.62836185819071,23.122514618030014,0.0,18.95098039215686,102,⚠️ Custo Zero (Sem Fricção)
EXP_086,Long-Short (BAB) | 126d (6M) | 20% | Mensal | 5 bps,Long-Short (BAB),126,126d (6M),20%,0.2,Mensal,5.0,95.04929712648402,8.31414919457214,26.926931032939134,-0.030789815304701807,-0.030925049476311677,0.13290108873096182,-0.7980238943809982,-0.6697188664086814,-62.5589246405865,1010,47.62836185819071,23.122514618030014,1.1792482455195317,18.95098039215686,102,✅ Robusto
EXP_087,Long-Short (BAB) | 126d (6M) | 20% | Mensal | 15 bps,Long-Short (BAB),126,126d (6M),20%,0.2,Mensal,15.0,95.07764446814595,8.316030915828643,26.927663380856888,-0.03071909731901194,-0.030854598585358016,0.13296438274312078,-0.7961421962704733,-0.6697183671935596,-62.543297267018616,1010,47.62836185819071,23.122514618030014,3.5377447365585915,18.95098039215686,102,✅ Robusto
EXP_088,Long-Short (BAB) | 126d (6M) | 20% | Mensal | 25 bps,Long-Short (BAB),126,126d (6M),20%,0.2,Mensal,25.0,95.10586003172172,8.317903650481572,26.928427126425188,-0.030648681166651242,-0.030784460354976013,0.13302756741877358,-0.7942694847635222,-0.6697178679784376,-62.52766860192697,1010,47.67726161369193,23.122514618030014,5.896241227597657,18.95098039215686,102,✅ Robusto
EXP_089,Long-Short (BAB) | 126d (6M) | 30% | Trimestral | 0 bps,Long-Short (BAB),126,126d (6M),30%,0.3,Trimestral,0.0,148.43403035726195,11.721281307411413,26.875457925736185,0.09414493694424837,0.09469020149117635,0.19523761591867386,2.6036419693520467,-0.6755085880712118,-60.035978478112064,729,48.00598205383849,45.026354453029924,0.0,19.0,34,⚠️ Custo Zero (Sem Fricção)
EXP_090,Long-Short (BAB) | 126d (6M) | 30% | Trimestral | 5 bps,Long-Short (BAB),126,126d (6M),30%,0.3,Trimestral,5.0,148.37985621481172,11.71831375425918,26.875390068230224,0.09403475567044747,0.09457905862871795,0.19521275866778728,2.600673903804563,-0.6755038758851989,-60.028421473216234,729,48.00598205383849,45.026354453029924,0.7654480257015086,19.0,34,✅ Robusto
EXP_091,Long-Short (BAB) | 126d (6M) | 30% | Trimestral | 15 bps,Long-Short (BAB),126,126d (6M),30%,0.3,Trimestral,15.0,148.27145210378987,11.712373882790716,26.87527098015943,0.09381415610681146,0.09435653164018777,0.1951629490210746,2.594733007545599,-0.6754944515131726,-60.013306529437415,729,48.00598205383849,45.026354453029924,2.2963440771045263,19.0,34,✅ Robusto
EXP_092,Long-Short (BAB) | 126d (6M) | 30% | Trimestral | 25 bps,Long-Short (BAB),126,126d (6M),30%,0.3,Trimestral,25.0,148.16297366711328,11.706427658289464,26.87517406158337,0.09359324099187213,0.09413368348838552,0.19511301243723705,2.5887857582538447,-0.6754850271411464,-59.998190341380365,729,48.05583250249252,45.026354453029924,3.827240128507544,19.0,34,✅ Robusto
EXP_093,Long-Short (BAB) | 126d (6M) | 30% | Mensal | 0 bps,Long-Short (BAB),126,126d (6M),30%,0.3,Mensal,0.0,95.0350740554732,8.313204964000587,26.926576633904066,-0.030825287413368777,-0.030960391909194956,0.13286940075014803,-0.798968113379563,-0.6697191160162421,-62.566737842319384,1010,47.62836185819071,23.122514618030014,0.0,18.95098039215686,102,⚠️ Custo Zero (Sem Fricção)
EXP_094,Long-Short (BAB) | 126d (6M) | 30% | Mensal | 5 bps,Long-Short (BAB),126,126d (6M),30%,0.3,Mensal,5.0,95.04929712648402,8.31414919457214,26.926931032939134,-0.030789815304701807,-0.030925049476311677,0.13290108873096182,-0.7980238943809982,-0.6697188664086814,-62.5589246405865,1010,47.62836185819071,23.122514618030014,1.1792482455195317,18.95098039215686,102,✅ Robusto
EXP_095,Long-Short (BAB) | 126d (6M) | 30% | Mensal | 15 bps,Long-Short (BAB),126,126d (6M),30%,0.3,Mensal,15.0,95.07764446814595,8.316030915828643,26.927663380856888,-0.03071909731901194,-0.030854598585358016,0.13296438274312078,-0.7961421962704733,-0.6697183671935596,-62.543297267018616,1010,47.62836185819071,23.122514618030014,3.5377447365585915,18.95098039215686,102,✅ Robusto
EXP_096,Long-Short (BAB) | 126d (6M) | 30% | Mensal | 25 bps,Long-Short (BAB),126,126d (6M),30%,0.3,Mensal,25.0,95.10586003172172,8.317903650481572,26.928427126425188,-0.030648681166651242,-0.030784460354976013,0.13302756741877358,-0.7942694847635222,-0.6697178679784376,-62.52766860192697,1010,47.67726161369193,23.122514618030014,5.896241227597657,18.95098039215686,102,✅ Robusto
EXP_097,Long-Only | 252d (12M) | 10% | Trimestral | 0 bps,Long-Only,252,252d (12M),10%,0.1,Trimestral,0.0,190.78330100060577,13.883765784358992,17.769050933287126,0.2640924822790019,0.2506739289981569,0.3991681160019641,4.619365525315929,0.6741619223250614,-34.781750414882026,314,58.923230309072785,14.998037914856347,0.0,18.794117647058822,34,⚠️ Custo Zero (Sem Fricção)
EXP_098,Long-Only | 252d (12M) | 10% | Trimestral | 5 bps,Long-Only,252,252d (12M),10%,0.1,Trimestral,5.0,190.11435320663375,13.851823663554729,17.769559291071,0.26228735173255047,0.24894144733820736,0.3982497573678165,4.587422304663537,0.6741720369562225,-34.781750414882055,314,58.87337986041874,14.998037914856347,0.2549666445525579,18.794117647058822,34,✅ Robusto
EXP_099,Long-Only | 252d (12M) | 10% | Trimestral | 15 bps,Long-Only,252,252d (12M),10%,0.1,Trimestral,15.0,188.7808705508046,13.787956685171899,17.770635566984392,0.2586775049321879,0.24572147277339276,0.3964135364295079,4.523553126584449,0.6741922662185443,-34.781750414882055,314,58.524426719840484,14.998037914856347,0.7648999336576735,18.794117647058822,34,✅ Robusto
EXP_100,Long-Only | 252d (12M) | 10% | Trimestral | 25 bps,Long-Only,252,252d (12M),10%,0.1,Trimestral,25.0,187.45325119131348,13.724112719838333,17.771791244557637,0.25506825067964534,0.2422554168845737,0.3945779771326919,4.459706961554628,0.6742124954808666,-34.78175041488207,316,58.424725822532395,14.998037914856347,1.2748332227627892,18.794117647058822,34,✅ Robusto
EXP_101,Long-Only | 252d (12M) | 10% | Mensal | 0 bps,Long-Only,252,252d (12M),10%,0.1,Mensal,0.0,192.3843670228818,13.684772902913988,17.61572496391679,0.2578121811289572,0.24697578797410233,0.3824534221949002,4.510445545513715,0.6708315817958955,-35.781541251159624,318,60.0,7.490055414613783,0.0,18.705882352941178,102,⚠️ Custo Zero (Sem Fricção)
EXP_102,Long-Only | 252d (12M) | 10% | Mensal | 5 bps,Long-Only,252,252d (12M),10%,0.1,Mensal,5.0,191.34311751444994,13.636298245426026,17.61554884061227,0.25506294798312285,0.2443136157162496,0.3810791664646928,4.461971110155718,0.6708267908711353,-35.783373759135785,318,59.853300733496326,7.490055414613783,0.3819928261453024,18.705882352941178,102,✅ Robusto
EXP_103,Long-Only | 252d (12M) | 10% | Mensal | 15 bps,Long-Only,252,252d (12M),10%,0.1,Mensal,15.0,189.27154273566234,13.539402157336312,17.615251809850214,0.24956655612945866,0.23899329614097337,0.37833256454740005,4.365075466325931,0.6708172090216158,-35.78703877508806,318,59.608801955990224,7.490055414613783,1.1459784784359077,18.705882352941178,102,✅ Robusto
EXP_104,Long-Only | 252d (12M) | 10% | Mensal | 25 bps,Long-Only,252,252d (12M),10%,0.1,Mensal,25.0,187.21445016795326,13.442577001366928,17.61502840322489,0.2440729855866165,0.23379124187787195,0.37558850700030266,4.268250754616478,0.6708076271720961,-35.79070379104038,318,59.51100244498777,7.490055414613783,1.9099641307265123,18.705882352941178,102,✅ Robusto
EXP_105,Long-Only | 252d (12M) | 20% | Trimestral | 0 bps,Long-Only,252,252d (12M),20%,0.2,Trimestral,0.0,190.78330100060577,13.883765784358992,17.769050933287126,0.2640924822790019,0.2506739289981569,0.3991681160019641,4.619365525315929,0.6741619223250614,-34.781750414882026,314,58.923230309072785,14.998037914856347,0.0,18.794117647058822,34,⚠️ Custo Zero (Sem Fricção)
EXP_106,Long-Only | 252d (12M) | 20% | Trimestral | 5 bps,Long-Only,252,252d (12M),20%,0.2,Trimestral,5.0,190.11435320663375,13.851823663554729,17.769559291071,0.26228735173255047,0.24894144733820736,0.3982497573678165,4.587422304663537,0.6741720369562225,-34.781750414882055,314,58.87337986041874,14.998037914856347,0.2549666445525579,18.794117647058822,34,✅ Robusto
EXP_107,Long-Only | 252d (12M) | 20% | Trimestral | 15 bps,Long-Only,252,252d (12M),20%,0.2,Trimestral,15.0,188.7808705508046,13.787956685171899,17.770635566984392,0.2586775049321879,0.24572147277339276,0.3964135364295079,4.523553126584449,0.6741922662185443,-34.781750414882055,314,58.524426719840484,14.998037914856347,0.7648999336576735,18.794117647058822,34,✅ Robusto
EXP_108,Long-Only | 252d (12M) | 20% | Trimestral | 25 bps,Long-Only,252,252d (12M),20%,0.2,Trimestral,25.0,187.45325119131348,13.724112719838333,17.771791244557637,0.25506825067964534,0.2422554168845737,0.3945779771326919,4.459706961554628,0.6742124954808666,-34.78175041488207,316,58.424725822532395,14.998037914856347,1.2748332227627892,18.794117647058822,34,✅ Robusto
EXP_109,Long-Only | 252d (12M) | 20% | Mensal | 0 bps,Long-Only,252,252d (12M),20%,0.2,Mensal,0.0,192.3843670228818,13.684772902913988,17.61572496391679,0.2578121811289572,0.24697578797410233,0.3824534221949002,4.510445545513715,0.6708315817958955,-35.781541251159624,318,60.0,7.490055414613783,0.0,18.705882352941178,102,⚠️ Custo Zero (Sem Fricção)
EXP_110,Long-Only | 252d (12M) | 20% | Mensal | 5 bps,Long-Only,252,252d (12M),20%,0.2,Mensal,5.0,191.34311751444994,13.636298245426026,17.61554884061227,0.25506294798312285,0.2443136157162496,0.3810791664646928,4.461971110155718,0.6708267908711353,-35.783373759135785,318,59.853300733496326,7.490055414613783,0.3819928261453024,18.705882352941178,102,✅ Robusto
EXP_111,Long-Only | 252d (12M) | 20% | Mensal | 15 bps,Long-Only,252,252d (12M),20%,0.2,Mensal,15.0,189.27154273566234,13.539402157336312,17.615251809850214,0.24956655612945866,0.23899329614097337,0.37833256454740005,4.365075466325931,0.6708172090216158,-35.78703877508806,318,59.608801955990224,7.490055414613783,1.1459784784359077,18.705882352941178,102,✅ Robusto
EXP_112,Long-Only | 252d (12M) | 20% | Mensal | 25 bps,Long-Only,252,252d (12M),20%,0.2,Mensal,25.0,187.21445016795326,13.442577001366928,17.61502840322489,0.2440729855866165,0.23379124187787195,0.37558850700030266,4.268250754616478,0.6708076271720961,-35.79070379104038,318,59.51100244498777,7.490055414613783,1.9099641307265123,18.705882352941178,102,✅ Robusto
EXP_113,Long-Only | 252d (12M) | 30% | Trimestral | 0 bps,Long-Only,252,252d (12M),30%,0.3,Trimestral,0.0,190.78330100060577,13.883765784358992,17.769050933287126,0.2640924822790019,0.2506739289981569,0.3991681160019641,4.619365525315929,0.6741619223250614,-34.781750414882026,314,58.923230309072785,14.998037914856347,0.0,18.794117647058822,34,⚠️ Custo Zero (Sem Fricção)
EXP_114,Long-Only | 252d (12M) | 30% | Trimestral | 5 bps,Long-Only,252,252d (12M),30%,0.3,Trimestral,5.0,190.11435320663375,13.851823663554729,17.769559291071,0.26228735173255047,0.24894144733820736,0.3982497573678165,4.587422304663537,0.6741720369562225,-34.781750414882055,314,58.87337986041874,14.998037914856347,0.2549666445525579,18.794117647058822,34,✅ Robusto
EXP_115,Long-Only | 252d (12M) | 30% | Trimestral | 15 bps,Long-Only,252,252d (12M),30%,0.3,Trimestral,15.0,188.7808705508046,13.787956685171899,17.770635566984392,0.2586775049321879,0.24572147277339276,0.3964135364295079,4.523553126584449,0.6741922662185443,-34.781750414882055,314,58.524426719840484,14.998037914856347,0.7648999336576735,18.794117647058822,34,✅ Robusto
EXP_116,Long-Only | 252d (12M) | 30% | Trimestral | 25 bps,Long-Only,252,252d (12M),30%,0.3,Trimestral,25.0,187.45325119131348,13.724112719838333,17.771791244557637,0.25506825067964534,0.2422554168845737,0.3945779771326919,4.459706961554628,0.6742124954808666,-34.78175041488207,316,58.424725822532395,14.998037914856347,1.2748332227627892,18.794117647058822,34,✅ Robusto
EXP_117,Long-Only | 252d (12M) | 30% | Mensal | 0 bps,Long-Only,252,252d (12M),30%,0.3,Mensal,0.0,192.3843670228818,13.684772902913988,17.61572496391679,0.2578121811289572,0.24697578797410233,0.3824534221949002,4.510445545513715,0.6708315817958955,-35.781541251159624,318,60.0,7.490055414613783,0.0,18.705882352941178,102,⚠️ Custo Zero (Sem Fricção)
EXP_118,Long-Only | 252d (12M) | 30% | Mensal | 5 bps,Long-Only,252,252d (12M),30%,0.3,Mensal,5.0,191.34311751444994,13.636298245426026,17.61554884061227,0.25506294798312285,0.2443136157162496,0.3810791664646928,4.461971110155718,0.6708267908711353,-35.783373759135785,318,59.853300733496326,7.490055414613783,0.3819928261453024,18.705882352941178,102,✅ Robusto
EXP_119,Long-Only | 252d (12M) | 30% | Mensal | 15 bps,Long-Only,252,252d (12M),30%,0.3,Mensal,15.0,189.27154273566234,13.539402157336312,17.615251809850214,0.24956655612945866,0.23899329614097337,0.37833256454740005,4.365075466325931,0.6708172090216158,-35.78703877508806,318,59.608801955990224,7.490055414613783,1.1459784784359077,18.705882352941178,102,✅ Robusto
EXP_120,Long-Only | 252d (12M) | 30% | Mensal | 25 bps,Long-Only,252,252d (12M),30%,0.3,Mensal,25.0,187.21445016795326,13.442577001366928,17.61502840322489,0.2440729855866165,0.23379124187787195,0.37558850700030266,4.268250754616478,0.6708076271720961,-35.79070379104038,318,59.51100244498777,7.490055414613783,1.9099641307265123,18.705882352941178,102,✅ Robusto
EXP_121,Long-Short (BAB) | 252d (12M) | 10% | Trimestral | 0 bps,Long-Short (BAB),252,252d (12M),10%,0.1,Trimestral,0.0,182.25864066131524,13.471793626152984,26.559912749614462,0.16117148617402524,0.16063736243908378,0.2240255415302219,4.352853194733465,-0.6635432274854374,-60.13507894739577,682,50.54835493519442,30.302701456862806,0.0,18.794117647058822,34,⚠️ Custo Zero (Sem Fricção)
EXP_122,Long-Short (BAB) | 252d (12M) | 10% | Trimestral | 5 bps,Long-Short (BAB),252,252d (12M),10%,0.1,Trimestral,5.0,182.27346024462986,13.47251924190942,26.55989543985579,0.16119891119147742,0.16074432711439335,0.22404925992218266,4.3535772966721815,-0.6635293058289083,-60.13195154756917,682,50.49850448654038,30.302701456862806,0.5151459247666677,18.794117647058822,34,✅ Robusto
EXP_123,Long-Short (BAB) | 252d (12M) | 10% | Trimestral | 15 bps,Long-Short (BAB),252,252d (12M),10%,0.1,Trimestral,15.0,182.30303280352905,13.473967112102514,26.559872047487676,0.16125356661356566,0.16080001360220336,0.22409664806562263,4.355022139229837,-0.6635014625158497,-60.12569678488412,682,50.49850448654038,30.302701456862806,1.5454377743000034,18.794117647058822,34,✅ Robusto
EXP_124,Long-Short (BAB) | 252d (12M) | 10% | Trimestral | 25 bps,Long-Short (BAB),252,252d (12M),10%,0.1,Trimestral,25.0,182.33251653424603,13.475410500682372,26.55986362468219,0.161307962479738,0.1608554655970696,0.22414397134010366,4.356462500174256,-0.6634736192027912,-60.11944207161177,682,50.54835493519442,30.302701456862806,2.5757296238333387,18.794117647058822,34,✅ Robusto
EXP_125,Long-Short (BAB) | 252d (12M) | 10% | Mensal | 0 bps,Long-Short (BAB),252,252d (12M),10%,0.1,Mensal,0.0,182.0481079086361,13.196683310528945,26.81475002429292,0.151165268333955,0.15252489924527274,0.22923695110493267,4.0843936936659855,-0.6672055789765848,-57.567871352852684,721,50.46454767726162,14.471264657592286,0.0,18.705882352941178,102,⚠️ Custo Zero (Sem Fricção)
EXP_126,Long-Short (BAB) | 252d (12M) | 10% | Mensal | 5 bps,Long-Short (BAB),252,252d (12M),10%,0.1,Mensal,5.0,181.97484263973638,13.193167801139015,26.814768831266296,0.15103405883618737,0.15239197571947696,0.2291648255204733,4.0808782799325325,-0.6672076421065203,-57.57064929652721,721,50.46454767726162,14.471264657592286,0.7380344975372065,18.705882352941178,102,✅ Robusto
EXP_127,Long-Short (BAB) | 252d (12M) | 10% | Mensal | 15 bps,Long-Short (BAB),252,252d (12M),10%,0.1,Mensal,15.0,181.8282880957003,13.186133216424945,26.814819195318982,0.15077143571909404,0.1521989523231049,0.22902052741445467,4.073843886531413,-0.6672117683663911,-57.57620666274258,721,50.46454767726162,14.471264657592286,2.2141034926116188,18.705882352941178,102,✅ Robusto
EXP_128,Long-Short (BAB) | 252d (12M) | 10% | Mensal | 25 bps,Long-Short (BAB),252,252d (12M),10%,0.1,Mensal,25.0,181.68170165120264,13.179093877930082,26.81488655942973,0.1505085408877871,0.15193244978518763,0.22887616676938183,4.066804739349502,-0.6672158946262621,-57.58176600016848,721,50.41564792176039,14.471264657592286,3.6901724876860325,18.705882352941178,102,✅ Robusto
EXP_129,Long-Short (BAB) | 252d (12M) | 20% | Trimestral | 0 bps,Long-Short (BAB),252,252d (12M),20%,0.2,Trimestral,0.0,182.25864066131524,13.471793626152984,26.559912749614462,0.16117148617402524,0.16063736243908378,0.2240255415302219,4.352853194733465,-0.6635432274854374,-60.13507894739577,682,50.54835493519442,30.302701456862806,0.0,18.794117647058822,34,⚠️ Custo Zero (Sem Fricção)
EXP_130,Long-Short (BAB) | 252d (12M) | 20% | Trimestral | 5 bps,Long-Short (BAB),252,252d (12M),20%,0.2,Trimestral,5.0,182.27346024462986,13.47251924190942,26.55989543985579,0.16119891119147742,0.16074432711439335,0.22404925992218266,4.3535772966721815,-0.6635293058289083,-60.13195154756917,682,50.49850448654038,30.302701456862806,0.5151459247666677,18.794117647058822,34,✅ Robusto
EXP_131,Long-Short (BAB) | 252d (12M) | 20% | Trimestral | 15 bps,Long-Short (BAB),252,252d (12M),20%,0.2,Trimestral,15.0,182.30303280352905,13.473967112102514,26.559872047487676,0.16125356661356566,0.16080001360220336,0.22409664806562263,4.355022139229837,-0.6635014625158497,-60.12569678488412,682,50.49850448654038,30.302701456862806,1.5454377743000034,18.794117647058822,34,✅ Robusto
EXP_132,Long-Short (BAB) | 252d (12M) | 20% | Trimestral | 25 bps,Long-Short (BAB),252,252d (12M),20%,0.2,Trimestral,25.0,182.33251653424603,13.475410500682372,26.55986362468219,0.161307962479738,0.1608554655970696,0.22414397134010366,4.356462500174256,-0.6634736192027912,-60.11944207161177,682,50.54835493519442,30.302701456862806,2.5757296238333387,18.794117647058822,34,✅ Robusto
EXP_133,Long-Short (BAB) | 252d (12M) | 20% | Mensal | 0 bps,Long-Short (BAB),252,252d (12M),20%,0.2,Mensal,0.0,182.0481079086361,13.196683310528945,26.81475002429292,0.151165268333955,0.15252489924527274,0.22923695110493267,4.0843936936659855,-0.6672055789765848,-57.567871352852684,721,50.46454767726162,14.471264657592286,0.0,18.705882352941178,102,⚠️ Custo Zero (Sem Fricção)
EXP_134,Long-Short (BAB) | 252d (12M) | 20% | Mensal | 5 bps,Long-Short (BAB),252,252d (12M),20%,0.2,Mensal,5.0,181.97484263973638,13.193167801139015,26.814768831266296,0.15103405883618737,0.15239197571947696,0.2291648255204733,4.0808782799325325,-0.6672076421065203,-57.57064929652721,721,50.46454767726162,14.471264657592286,0.7380344975372065,18.705882352941178,102,✅ Robusto
EXP_135,Long-Short (BAB) | 252d (12M) | 20% | Mensal | 15 bps,Long-Short (BAB),252,252d (12M),20%,0.2,Mensal,15.0,181.8282880957003,13.186133216424945,26.814819195318982,0.15077143571909404,0.1521989523231049,0.22902052741445467,4.073843886531413,-0.6672117683663911,-57.57620666274258,721,50.46454767726162,14.471264657592286,2.2141034926116188,18.705882352941178,102,✅ Robusto
EXP_136,Long-Short (BAB) | 252d (12M) | 20% | Mensal | 25 bps,Long-Short (BAB),252,252d (12M),20%,0.2,Mensal,25.0,181.68170165120264,13.179093877930082,26.81488655942973,0.1505085408877871,0.15193244978518763,0.22887616676938183,4.066804739349502,-0.6672158946262621,-57.58176600016848,721,50.41564792176039,14.471264657592286,3.6901724876860325,18.705882352941178,102,✅ Robusto
EXP_137,Long-Short (BAB) | 252d (12M) | 30% | Trimestral | 0 bps,Long-Short (BAB),252,252d (12M),30%,0.3,Trimestral,0.0,182.25864066131524,13.471793626152984,26.559912749614462,0.16117148617402524,0.16063736243908378,0.2240255415302219,4.352853194733465,-0.6635432274854374,-60.13507894739577,682,50.54835493519442,30.302701456862806,0.0,18.794117647058822,34,⚠️ Custo Zero (Sem Fricção)
EXP_138,Long-Short (BAB) | 252d (12M) | 30% | Trimestral | 5 bps,Long-Short (BAB),252,252d (12M),30%,0.3,Trimestral,5.0,182.27346024462986,13.47251924190942,26.55989543985579,0.16119891119147742,0.16074432711439335,0.22404925992218266,4.3535772966721815,-0.6635293058289083,-60.13195154756917,682,50.49850448654038,30.302701456862806,0.5151459247666677,18.794117647058822,34,✅ Robusto
EXP_139,Long-Short (BAB) | 252d (12M) | 30% | Trimestral | 15 bps,Long-Short (BAB),252,252d (12M),30%,0.3,Trimestral,15.0,182.30303280352905,13.473967112102514,26.559872047487676,0.16125356661356566,0.16080001360220336,0.22409664806562263,4.355022139229837,-0.6635014625158497,-60.12569678488412,682,50.49850448654038,30.302701456862806,1.5454377743000034,18.794117647058822,34,✅ Robusto
EXP_140,Long-Short (BAB) | 252d (12M) | 30% | Trimestral | 25 bps,Long-Short (BAB),252,252d (12M),30%,0.3,Trimestral,25.0,182.33251653424603,13.475410500682372,26.55986362468219,0.161307962479738,0.1608554655970696,0.22414397134010366,4.356462500174256,-0.6634736192027912,-60.11944207161177,682,50.54835493519442,30.302701456862806,2.5757296238333387,18.794117647058822,34,✅ Robusto
EXP_141,Long-Short (BAB) | 252d (12M) | 30% | Mensal | 0 bps,Long-Short (BAB),252,252d (12M),30%,0.3,Mensal,0.0,182.0481079086361,13.196683310528945,26.81475002429292,0.151165268333955,0.15252489924527274,0.22923695110493267,4.0843936936659855,-0.6672055789765848,-57.567871352852684,721,50.46454767726162,14.471264657592286,0.0,18.705882352941178,102,⚠️ Custo Zero (Sem Fricção)
EXP_142,Long-Short (BAB) | 252d (12M) | 30% | Mensal | 5 bps,Long-Short (BAB),252,252d (12M),30%,0.3,Mensal,5.0,181.97484263973638,13.193167801139015,26.814768831266296,0.15103405883618737,0.15239197571947696,0.2291648255204733,4.0808782799325325,-0.6672076421065203,-57.57064929652721,721,50.46454767726162,14.471264657592286,0.7380344975372065,18.705882352941178,102,✅ Robusto
EXP_143,Long-Short (BAB) | 252d (12M) | 30% | Mensal | 15 bps,Long-Short (BAB),252,252d (12M),30%,0.3,Mensal,15.0,181.8282880957003,13.186133216424945,26.814819195318982,0.15077143571909404,0.1521989523231049,0.22902052741445467,4.073843886531413,-0.6672117683663911,-57.57620666274258,721,50.46454767726162,14.471264657592286,2.2141034926116188,18.705882352941178,102,✅ Robusto
EXP_144,Long-Short (BAB) | 252d (12M) | 30% | Mensal | 25 bps,Long-Short (BAB),252,252d (12M),30%,0.3,Mensal,25.0,181.68170165120264,13.179093877930082,26.81488655942973,0.1505085408877871,0.15193244978518763,0.22887616676938183,4.066804739349502,-0.6672158946262621,-57.58176600016848,721,50.41564792176039,14.471264657592286,3.6901724876860325,18.705882352941178,102,✅ Robusto
